ID,ClasePredicha,Probabilidad
mitochondrial_CR_322#no_simpleSeq#459,no_simpleSeq,1.0
rDNA_ITS_073#no_simpleSeq#366,no_simpleSeq,1.0
CTTT_D7S820_006#simpleSeq#100,simpleSeq,1.0
CCTG_DM2_011#simpleSeq#246,simpleSeq,1.0
enhancer_active_248#no_simpleSeq#450,no_simpleSeq,1.0
AAAAT_penta_005#simpleSeq#228,simpleSeq,1.0
CSF1PO_AGAT_001#simpleSeq#100,simpleSeq,1.0
mitochondrial_CR_334#no_simpleSeq#375,no_simpleSeq,1.0
TTAGGG_telomeric_006#simpleSeq#290,simpleSeq,1.0
mitochondrial_CR_172#no_simpleSeq#460,no_simpleSeq,1.0
promoter_CpG_408#no_simpleSeq#393,no_simpleSeq,1.0
mitochondrial_CR_210#no_simpleSeq#195,no_simpleSeq,1.0
intron_GC_low_265#no_simpleSeq#437,no_simpleSeq,1.0
enhancer_active_187#no_simpleSeq#463,no_simpleSeq,1.0
lncrna_exon_443#no_simpleSeq#221,no_simpleSeq,1.0
promoter_CpG_001#no_simpleSeq#442,no_simpleSeq,1.0
5UTR_structured_207#no_simpleSeq#314,no_simpleSeq,1.0
transposon_SINE_238#no_simpleSeq#160,no_simpleSeq,1.0
sat2_ATTCC_006#simpleSeq#186,simpleSeq,1.0
GAA_friedreich_001#simpleSeq#178,simpleSeq,1.0
5UTR_structured_216#no_simpleSeq#246,no_simpleSeq,1.0
GAA_friedreich_006#simpleSeq#152,simpleSeq,1.0
intron_GC_low_069#no_simpleSeq#257,no_simpleSeq,1.0
3UTR_AU_rich_232#no_simpleSeq#175,no_simpleSeq,1.0
GT_microsatellite_001#simpleSeq#100,simpleSeq,1.0
rDNA_ITS_372#no_simpleSeq#498,no_simpleSeq,1.0
polyG_run_011#simpleSeq#100,simpleSeq,1.0
TPOX_AATG_012#simpleSeq#100,simpleSeq,1.0
alphaSat_AATGG_003#simpleSeq#263,simpleSeq,1.0
sat2_ATTCC_005#simpleSeq#279,simpleSeq,1.0
rDNA_ITS_371#no_simpleSeq#247,no_simpleSeq,1.0
promoter_CpG_361#no_simpleSeq#188,no_simpleSeq,1.0
AGAT_HUMTH01_012#simpleSeq#100,simpleSeq,1.0
mitochondrial_CR_250#no_simpleSeq#229,no_simpleSeq,1.0
TA_microsatellite_003#simpleSeq#142,simpleSeq,1.0
3UTR_AU_rich_279#no_simpleSeq#218,no_simpleSeq,1.0
TTTAGGG_plant_tel_004#simpleSeq#156,simpleSeq,1.0
transposon_SINE_104#no_simpleSeq#468,no_simpleSeq,1.0
ATTCT_SCA10_008#simpleSeq#360,simpleSeq,1.0
CGG_fragilex_004#simpleSeq#173,simpleSeq,1.0
TTAGGG_telomeric_003#simpleSeq#113,simpleSeq,1.0
rDNA_ITS_424#no_simpleSeq#139,no_simpleSeq,1.0
AG_microsatellite_006#simpleSeq#100,simpleSeq,1.0
exon_coding_058#no_simpleSeq#327,no_simpleSeq,1.0
polyT_run_008#simpleSeq#100,simpleSeq,1.0
5UTR_structured_431#no_simpleSeq#256,no_simpleSeq,1.0
exon_coding_221#no_simpleSeq#247,no_simpleSeq,1.0
CGG_fragilex_009#simpleSeq#226,simpleSeq,1.0
5UTR_structured_418#no_simpleSeq#233,no_simpleSeq,1.0
GCC_fragilexE_003#simpleSeq#103,simpleSeq,1.0
TCTA_vWA_004#simpleSeq#100,simpleSeq,1.0
CTTT_D7S820_008#simpleSeq#100,simpleSeq,1.0
lncrna_exon_185#no_simpleSeq#291,no_simpleSeq,1.0
intron_GC_low_323#no_simpleSeq#147,no_simpleSeq,1.0
CTTT_D7S820_007#simpleSeq#100,simpleSeq,1.0
lncrna_exon_091#no_simpleSeq#264,no_simpleSeq,1.0
CTG_myotonic_011#simpleSeq#100,simpleSeq,1.0
rDNA_ITS_060#no_simpleSeq#345,no_simpleSeq,1.0
3UTR_AU_rich_222#no_simpleSeq#313,no_simpleSeq,1.0
transposon_SINE_056#no_simpleSeq#179,no_simpleSeq,1.0
CTTT_D7S820_009#simpleSeq#100,simpleSeq,1.0
TPOX_AATG_006#simpleSeq#100,simpleSeq,1.0
3UTR_AU_rich_224#no_simpleSeq#487,no_simpleSeq,1.0
rDNA_ITS_233#no_simpleSeq#286,no_simpleSeq,1.0
lncrna_exon_356#no_simpleSeq#283,no_simpleSeq,1.0
polyC_run_011#simpleSeq#100,simpleSeq,1.0
polyA_run_002#simpleSeq#100,simpleSeq,1.0
sat3_TTCCA_006#simpleSeq#137,simpleSeq,1.0
GATA_D3S1358_012#simpleSeq#100,simpleSeq,1.0
GCC_fragilexE_005#simpleSeq#100,simpleSeq,1.0
enhancer_active_304#no_simpleSeq#260,no_simpleSeq,1.0
AG_microsatellite_012#simpleSeq#100,simpleSeq,1.0
mitochondrial_CR_043#no_simpleSeq#270,no_simpleSeq,1.0
lncrna_exon_166#no_simpleSeq#358,no_simpleSeq,1.0
polyT_run_009#simpleSeq#100,simpleSeq,1.0
GT_microsatellite_004#simpleSeq#100,simpleSeq,1.0
GGGGCC_C9orf72_010#simpleSeq#105,simpleSeq,1.0
lncrna_exon_010#no_simpleSeq#402,no_simpleSeq,1.0
transposon_SINE_435#no_simpleSeq#244,no_simpleSeq,1.0
polyG_run_004#simpleSeq#100,simpleSeq,1.0
polyC_run_006#simpleSeq#100,simpleSeq,1.0
GT_microsatellite_010#simpleSeq#100,simpleSeq,1.0
CCTG_DM2_009#simpleSeq#216,simpleSeq,1.0
exon_coding_135#no_simpleSeq#236,no_simpleSeq,1.0
sat3_TTCCA_011#simpleSeq#100,simpleSeq,1.0
5UTR_structured_198#no_simpleSeq#182,no_simpleSeq,1.0
sat2_ATTCC_003#simpleSeq#132,simpleSeq,1.0
5UTR_structured_145#no_simpleSeq#436,no_simpleSeq,1.0
exon_coding_120#no_simpleSeq#404,no_simpleSeq,1.0
lncrna_exon_410#no_simpleSeq#416,no_simpleSeq,1.0
TPOX_AATG_008#simpleSeq#100,simpleSeq,1.0
polyA_run_003#simpleSeq#100,simpleSeq,1.0
polyG_run_003#simpleSeq#100,simpleSeq,1.0
GCG_oculophar_010#simpleSeq#100,simpleSeq,1.0
3UTR_AU_rich_296#no_simpleSeq#375,no_simpleSeq,1.0
AAAAT_penta_007#simpleSeq#161,simpleSeq,1.0
lncrna_exon_176#no_simpleSeq#455,no_simpleSeq,1.0
mitochondrial_CR_163#no_simpleSeq#420,no_simpleSeq,1.0
lncrna_exon_253#no_simpleSeq#438,no_simpleSeq,1.0
polyC_run_009#simpleSeq#100,simpleSeq,1.0
GAA_friedreich_003#simpleSeq#158,simpleSeq,1.0
CTTT_D7S820_012#simpleSeq#100,simpleSeq,1.0
exon_coding_416#no_simpleSeq#213,no_simpleSeq,1.0
promoter_CpG_444#no_simpleSeq#445,no_simpleSeq,1.0
CTG_myotonic_006#simpleSeq#174,simpleSeq,1.0
enhancer_active_193#no_simpleSeq#154,no_simpleSeq,1.0
enhancer_active_412#no_simpleSeq#397,no_simpleSeq,1.0
ATTCT_SCA10_011#simpleSeq#139,simpleSeq,1.0
mitochondrial_CR_143#no_simpleSeq#292,no_simpleSeq,1.0
enhancer_active_260#no_simpleSeq#246,no_simpleSeq,1.0
AGAT_HUMTH01_001#simpleSeq#100,simpleSeq,1.0
5UTR_structured_074#no_simpleSeq#445,no_simpleSeq,1.0
AGGGGC_G4_001#simpleSeq#168,simpleSeq,1.0
enhancer_active_067#no_simpleSeq#247,no_simpleSeq,1.0
exon_coding_118#no_simpleSeq#297,no_simpleSeq,1.0
GT_microsatellite_005#simpleSeq#136,simpleSeq,1.0
rDNA_ITS_442#no_simpleSeq#290,no_simpleSeq,1.0
3UTR_AU_rich_403#no_simpleSeq#369,no_simpleSeq,1.0
lncrna_exon_079#no_simpleSeq#181,no_simpleSeq,1.0
mitochondrial_CR_219#no_simpleSeq#168,no_simpleSeq,1.0
transposon_SINE_259#no_simpleSeq#318,no_simpleSeq,1.0
exon_coding_137#no_simpleSeq#432,no_simpleSeq,1.0
exon_coding_212#no_simpleSeq#223,no_simpleSeq,1.0
CA_microsatellite_003#simpleSeq#129,simpleSeq,1.0
promoter_CpG_394#no_simpleSeq#152,no_simpleSeq,1.0
enhancer_active_297#no_simpleSeq#308,no_simpleSeq,1.0
CCCTAA_cstrand_tel_006#simpleSeq#100,simpleSeq,1.0
CCCTAA_cstrand_tel_001#simpleSeq#159,simpleSeq,1.0
mitochondrial_CR_049#no_simpleSeq#261,no_simpleSeq,1.0
GCG_oculophar_008#simpleSeq#100,simpleSeq,1.0
GATA_D3S1358_004#simpleSeq#100,simpleSeq,1.0
mitochondrial_CR_321#no_simpleSeq#480,no_simpleSeq,1.0
CA_microsatellite_010#simpleSeq#144,simpleSeq,1.0
intron_GC_low_110#no_simpleSeq#232,no_simpleSeq,1.0
promoter_CpG_289#no_simpleSeq#358,no_simpleSeq,1.0
polyG_run_008#simpleSeq#100,simpleSeq,1.0
lncrna_exon_287#no_simpleSeq#199,no_simpleSeq,1.0
ATTCT_SCA10_004#simpleSeq#157,simpleSeq,1.0
betaSat_AATAT_007#simpleSeq#191,simpleSeq,1.0
enhancer_active_016#no_simpleSeq#168,no_simpleSeq,1.0
polyT_run_003#simpleSeq#100,simpleSeq,1.0
CA_microsatellite_011#simpleSeq#153,simpleSeq,1.0
transposon_SINE_268#no_simpleSeq#175,no_simpleSeq,1.0
promoter_CpG_298#no_simpleSeq#385,no_simpleSeq,1.0
5UTR_structured_358#no_simpleSeq#271,no_simpleSeq,1.0
GATA_D3S1358_010#simpleSeq#100,simpleSeq,1.0
polyC_run_010#simpleSeq#100,simpleSeq,1.0
polyC_run_008#simpleSeq#100,simpleSeq,1.0
GC_microsatellite_012#simpleSeq#100,simpleSeq,1.0
TA_microsatellite_001#simpleSeq#169,simpleSeq,1.0
AG_microsatellite_011#simpleSeq#105,simpleSeq,1.0
3UTR_AU_rich_139#no_simpleSeq#247,no_simpleSeq,1.0
promoter_CpG_264#no_simpleSeq#171,no_simpleSeq,1.0
mitochondrial_CR_300#no_simpleSeq#181,no_simpleSeq,1.0
transposon_SINE_437#no_simpleSeq#421,no_simpleSeq,1.0
polyT_run_001#simpleSeq#100,simpleSeq,1.0
lncrna_exon_126#no_simpleSeq#346,no_simpleSeq,1.0
exon_coding_373#no_simpleSeq#431,no_simpleSeq,1.0
CAG_huntington_009#simpleSeq#136,simpleSeq,1.0
3UTR_AU_rich_303#no_simpleSeq#497,no_simpleSeq,1.0
TA_microsatellite_008#simpleSeq#100,simpleSeq,1.0
alphaSat_AATGG_011#simpleSeq#100,simpleSeq,1.0
3UTR_AU_rich_100#no_simpleSeq#373,no_simpleSeq,1.0
CSF1PO_AGAT_009#simpleSeq#100,simpleSeq,1.0
AGAT_HUMTH01_006#simpleSeq#100,simpleSeq,1.0
CCCTAA_cstrand_tel_005#simpleSeq#209,simpleSeq,1.0
betaSat_AATAT_006#simpleSeq#181,simpleSeq,1.0
3UTR_AU_rich_280#no_simpleSeq#164,no_simpleSeq,1.0
GAA_friedreich_010#simpleSeq#100,simpleSeq,1.0
promoter_CpG_014#no_simpleSeq#412,no_simpleSeq,1.0
GGGGCC_C9orf72_012#simpleSeq#226,simpleSeq,1.0
polyG_run_007#simpleSeq#100,simpleSeq,1.0
GT_microsatellite_002#simpleSeq#100,simpleSeq,1.0
5UTR_structured_439#no_simpleSeq#472,no_simpleSeq,1.0
TA_microsatellite_007#simpleSeq#100,simpleSeq,1.0
5UTR_structured_036#no_simpleSeq#262,no_simpleSeq,1.0
sat2_ATTCC_004#simpleSeq#100,simpleSeq,1.0
ATTCC_SAT_003#simpleSeq#100,simpleSeq,1.0
ATTCC_SAT_007#simpleSeq#109,simpleSeq,1.0
5UTR_structured_061#no_simpleSeq#153,no_simpleSeq,1.0
intron_GC_low_081#no_simpleSeq#239,no_simpleSeq,1.0
AGAT_HUMTH01_003#simpleSeq#100,simpleSeq,1.0
AAGGG_CANVAS_005#simpleSeq#189,simpleSeq,1.0
enhancer_active_351#no_simpleSeq#157,no_simpleSeq,1.0
AT_microsatellite_012#simpleSeq#178,simpleSeq,1.0
enhancer_active_406#no_simpleSeq#258,no_simpleSeq,1.0
enhancer_active_325#no_simpleSeq#277,no_simpleSeq,1.0
CCCTAA_cstrand_tel_010#simpleSeq#261,simpleSeq,1.0
enhancer_active_440#no_simpleSeq#220,no_simpleSeq,1.0
rDNA_ITS_261#no_simpleSeq#127,no_simpleSeq,1.0
promoter_CpG_080#no_simpleSeq#164,no_simpleSeq,1.0
3UTR_AU_rich_245#no_simpleSeq#231,no_simpleSeq,1.0
rDNA_ITS_113#no_simpleSeq#395,no_simpleSeq,1.0
3UTR_AU_rich_044#no_simpleSeq#468,no_simpleSeq,1.0
CAG_huntington_011#simpleSeq#183,simpleSeq,1.0
sat3_TTCCA_005#simpleSeq#240,simpleSeq,1.0
alphaSat_AATGG_010#simpleSeq#262,simpleSeq,1.0
5UTR_structured_422#no_simpleSeq#204,no_simpleSeq,1.0
5UTR_structured_115#no_simpleSeq#488,no_simpleSeq,1.0
mitochondrial_CR_441#no_simpleSeq#279,no_simpleSeq,1.0
GGGGCC_C9orf72_003#simpleSeq#435,simpleSeq,1.0
intron_GC_low_226#no_simpleSeq#367,no_simpleSeq,1.0
enhancer_active_132#no_simpleSeq#458,no_simpleSeq,1.0
mitochondrial_CR_008#no_simpleSeq#224,no_simpleSeq,1.0
GAA_friedreich_004#simpleSeq#215,simpleSeq,1.0
3UTR_AU_rich_340#no_simpleSeq#163,no_simpleSeq,1.0
mitochondrial_CR_295#no_simpleSeq#172,no_simpleSeq,1.0
exon_coding_179#no_simpleSeq#151,no_simpleSeq,1.0
transposon_SINE_429#no_simpleSeq#454,no_simpleSeq,1.0
CA_microsatellite_006#simpleSeq#100,simpleSeq,1.0
GCGGCG_rDNA_009#simpleSeq#100,simpleSeq,1.0
GCC_fragilexE_011#simpleSeq#217,simpleSeq,1.0
intron_GC_low_355#no_simpleSeq#124,no_simpleSeq,1.0
GGGGCC_C9orf72_002#simpleSeq#249,simpleSeq,1.0
CSF1PO_AGAT_004#simpleSeq#100,simpleSeq,1.0
TTTAGGG_plant_tel_001#simpleSeq#186,simpleSeq,1.0
rDNA_ITS_140#no_simpleSeq#220,no_simpleSeq,1.0
enhancer_active_151#no_simpleSeq#392,no_simpleSeq,1.0
lncrna_exon_379#no_simpleSeq#374,no_simpleSeq,1.0
3UTR_AU_rich_393#no_simpleSeq#195,no_simpleSeq,1.0
exon_coding_011#no_simpleSeq#226,no_simpleSeq,1.0
AGGGGC_G4_003#simpleSeq#115,simpleSeq,1.0
exon_coding_286#no_simpleSeq#413,no_simpleSeq,1.0
GATA_D3S1358_007#simpleSeq#100,simpleSeq,1.0
intron_GC_low_184#no_simpleSeq#463,no_simpleSeq,1.0
AGGGGC_G4_010#simpleSeq#100,simpleSeq,1.0
polyC_run_007#simpleSeq#100,simpleSeq,1.0
GCG_oculophar_005#simpleSeq#100,simpleSeq,1.0
GAA_friedreich_002#simpleSeq#163,simpleSeq,1.0
polyG_run_010#simpleSeq#100,simpleSeq,1.0
exon_coding_034#no_simpleSeq#298,no_simpleSeq,1.0
GCC_fragilexE_008#simpleSeq#100,simpleSeq,1.0
CCTG_DM2_004#simpleSeq#256,simpleSeq,1.0
CAG_huntington_003#simpleSeq#148,simpleSeq,1.0
CCTG_DM2_001#simpleSeq#292,simpleSeq,1.0
alphaSat_AATGG_012#simpleSeq#142,simpleSeq,1.0
lncrna_exon_380#no_simpleSeq#321,no_simpleSeq,1.0
AAAAT_penta_002#simpleSeq#200,simpleSeq,1.0
CA_microsatellite_002#simpleSeq#100,simpleSeq,1.0
CTTT_D7S820_003#simpleSeq#100,simpleSeq,1.0
exon_coding_333#no_simpleSeq#166,no_simpleSeq,1.0
intron_GC_low_262#no_simpleSeq#407,no_simpleSeq,1.0
sat2_ATTCC_012#simpleSeq#101,simpleSeq,1.0
promoter_CpG_383#no_simpleSeq#377,no_simpleSeq,1.0
exon_coding_035#no_simpleSeq#232,no_simpleSeq,1.0
rDNA_ITS_409#no_simpleSeq#455,no_simpleSeq,1.0
TA_microsatellite_009#simpleSeq#146,simpleSeq,1.0
polyC_run_001#simpleSeq#100,simpleSeq,1.0
AG_microsatellite_001#simpleSeq#100,simpleSeq,1.0
enhancer_active_362#no_simpleSeq#360,no_simpleSeq,1.0
GC_microsatellite_010#simpleSeq#100,simpleSeq,1.0
AAGGG_CANVAS_002#simpleSeq#172,simpleSeq,1.0
mitochondrial_CR_234#no_simpleSeq#475,no_simpleSeq,1.0
GCG_oculophar_001#simpleSeq#100,simpleSeq,1.0
rDNA_ITS_051#no_simpleSeq#401,no_simpleSeq,1.0
enhancer_active_387#no_simpleSeq#165,no_simpleSeq,1.0
GGGGCC_C9orf72_005#simpleSeq#212,simpleSeq,1.0
TTTAGGG_plant_tel_006#simpleSeq#132,simpleSeq,1.0
rDNA_ITS_273#no_simpleSeq#146,no_simpleSeq,1.0
promoter_CpG_121#no_simpleSeq#479,no_simpleSeq,1.0
rDNA_ITS_007#no_simpleSeq#482,no_simpleSeq,1.0
AG_microsatellite_008#simpleSeq#100,simpleSeq,1.0
exon_coding_204#no_simpleSeq#246,no_simpleSeq,1.0
lncrna_exon_352#no_simpleSeq#182,no_simpleSeq,1.0
transposon_SINE_428#no_simpleSeq#235,no_simpleSeq,1.0
sat3_TTCCA_003#simpleSeq#169,simpleSeq,1.0
promoter_CpG_075#no_simpleSeq#394,no_simpleSeq,1.0
5UTR_structured_114#no_simpleSeq#160,no_simpleSeq,1.0
CTG_myotonic_002#simpleSeq#133,simpleSeq,1.0
AT_microsatellite_009#simpleSeq#100,simpleSeq,1.0
5UTR_structured_237#no_simpleSeq#335,no_simpleSeq,1.0
sat3_TTCCA_001#simpleSeq#280,simpleSeq,1.0
enhancer_active_160#no_simpleSeq#391,no_simpleSeq,1.0
promoter_CpG_315#no_simpleSeq#430,no_simpleSeq,1.0
AAGGG_CANVAS_011#simpleSeq#218,simpleSeq,1.0
CAG_huntington_001#simpleSeq#134,simpleSeq,1.0
TCTA_vWA_003#simpleSeq#100,simpleSeq,1.0
ATTCT_SCA10_002#simpleSeq#100,simpleSeq,1.0
AGGGGC_G4_011#simpleSeq#166,simpleSeq,1.0
rDNA_ITS_141#no_simpleSeq#352,no_simpleSeq,1.0
lncrna_exon_070#no_simpleSeq#172,no_simpleSeq,1.0
GCC_fragilexE_001#simpleSeq#173,simpleSeq,1.0
5UTR_structured_090#no_simpleSeq#277,no_simpleSeq,1.0
AT_microsatellite_001#simpleSeq#100,simpleSeq,1.0
polyA_run_011#simpleSeq#100,simpleSeq,1.0
AT_microsatellite_006#simpleSeq#100,simpleSeq,1.0
AT_microsatellite_008#simpleSeq#127,simpleSeq,1.0
polyC_run_002#simpleSeq#100,simpleSeq,1.0
transposon_SINE_415#no_simpleSeq#423,no_simpleSeq,1.0
CCCTAA_cstrand_tel_008#simpleSeq#158,simpleSeq,1.0
ATTCC_SAT_011#simpleSeq#100,simpleSeq,1.0
TTTAGGG_plant_tel_007#simpleSeq#198,simpleSeq,1.0
GCGGCG_rDNA_008#simpleSeq#168,simpleSeq,1.0
AGAT_HUMTH01_007#simpleSeq#100,simpleSeq,1.0
polyC_run_012#simpleSeq#100,simpleSeq,1.0
rDNA_ITS_152#no_simpleSeq#278,no_simpleSeq,1.0
5UTR_structured_040#no_simpleSeq#166,no_simpleSeq,1.0
GCG_oculophar_002#simpleSeq#100,simpleSeq,1.0
TTAGGG_telomeric_010#simpleSeq#190,simpleSeq,1.0
TTAGGG_telomeric_008#simpleSeq#191,simpleSeq,1.0
TTAGGG_telomeric_004#simpleSeq#181,simpleSeq,1.0
GCGGCG_rDNA_002#simpleSeq#100,simpleSeq,1.0
CTG_myotonic_012#simpleSeq#123,simpleSeq,1.0
GCGGCG_rDNA_001#simpleSeq#100,simpleSeq,1.0
ATTCT_SCA10_007#simpleSeq#342,simpleSeq,1.0
5UTR_structured_150#no_simpleSeq#303,no_simpleSeq,1.0
lncrna_exon_158#no_simpleSeq#285,no_simpleSeq,1.0
lncrna_exon_072#no_simpleSeq#238,no_simpleSeq,1.0
mitochondrial_CR_199#no_simpleSeq#358,no_simpleSeq,1.0
TPOX_AATG_011#simpleSeq#100,simpleSeq,1.0
lncrna_exon_173#no_simpleSeq#251,no_simpleSeq,1.0
GCGGCG_rDNA_010#simpleSeq#122,simpleSeq,1.0
5UTR_structured_102#no_simpleSeq#379,no_simpleSeq,1.0
enhancer_active_154#no_simpleSeq#307,no_simpleSeq,1.0
sat2_ATTCC_001#simpleSeq#269,simpleSeq,1.0
GGGGCC_C9orf72_004#simpleSeq#288,simpleSeq,1.0
3UTR_AU_rich_119#no_simpleSeq#276,no_simpleSeq,1.0
3UTR_AU_rich_124#no_simpleSeq#236,no_simpleSeq,1.0
AG_microsatellite_005#simpleSeq#100,simpleSeq,1.0
5UTR_structured_438#no_simpleSeq#468,no_simpleSeq,1.0
alphaSat_AATGG_008#simpleSeq#348,simpleSeq,1.0
AT_microsatellite_002#simpleSeq#100,simpleSeq,1.0
promoter_CpG_148#no_simpleSeq#465,no_simpleSeq,1.0
exon_coding_282#no_simpleSeq#459,no_simpleSeq,1.0
enhancer_active_400#no_simpleSeq#191,no_simpleSeq,1.0
exon_coding_381#no_simpleSeq#203,no_simpleSeq,1.0
lncrna_exon_162#no_simpleSeq#191,no_simpleSeq,1.0
polyG_run_005#simpleSeq#100,simpleSeq,1.0
CCCTAA_cstrand_tel_007#simpleSeq#265,simpleSeq,1.0
polyA_run_010#simpleSeq#100,simpleSeq,1.0
GAA_friedreich_007#simpleSeq#158,simpleSeq,1.0
transposon_SINE_228#no_simpleSeq#418,no_simpleSeq,1.0
ATTCT_SCA10_003#simpleSeq#100,simpleSeq,1.0
lncrna_exon_324#no_simpleSeq#312,no_simpleSeq,1.0
GAA_friedreich_005#simpleSeq#205,simpleSeq,1.0
CTTT_D7S820_002#simpleSeq#100,simpleSeq,1.0
transposon_SINE_277#no_simpleSeq#410,no_simpleSeq,1.0
transposon_SINE_086#no_simpleSeq#353,no_simpleSeq,1.0
lncrna_exon_004#no_simpleSeq#460,no_simpleSeq,1.0
rDNA_ITS_203#no_simpleSeq#480,no_simpleSeq,1.0
rDNA_ITS_022#no_simpleSeq#316,no_simpleSeq,1.0
ATTCC_SAT_004#simpleSeq#233,simpleSeq,1.0
exon_coding_018#no_simpleSeq#380,no_simpleSeq,1.0
CGG_fragilex_012#simpleSeq#182,simpleSeq,1.0
intron_GC_low_276#no_simpleSeq#220,no_simpleSeq,1.0
GC_microsatellite_002#simpleSeq#100,simpleSeq,1.0
TCTA_vWA_008#simpleSeq#100,simpleSeq,1.0
exon_coding_350#no_simpleSeq#230,no_simpleSeq,1.0
enhancer_active_186#no_simpleSeq#492,no_simpleSeq,1.0
enhancer_active_385#no_simpleSeq#409,no_simpleSeq,1.0
promoter_CpG_142#no_simpleSeq#253,no_simpleSeq,1.0
CTG_myotonic_007#simpleSeq#201,simpleSeq,1.0
betaSat_AATAT_004#simpleSeq#105,simpleSeq,1.0
transposon_SINE_015#no_simpleSeq#194,no_simpleSeq,1.0
GCG_oculophar_011#simpleSeq#100,simpleSeq,1.0
CGG_fragilex_008#simpleSeq#100,simpleSeq,1.0
GC_microsatellite_003#simpleSeq#100,simpleSeq,1.0
rDNA_ITS_029#no_simpleSeq#122,no_simpleSeq,1.0
CAG_huntington_006#simpleSeq#167,simpleSeq,1.0
polyT_run_004#simpleSeq#100,simpleSeq,1.0
ATTCC_SAT_001#simpleSeq#100,simpleSeq,1.0
sat3_TTCCA_007#simpleSeq#100,simpleSeq,1.0
intron_GC_low_046#no_simpleSeq#167,no_simpleSeq,1.0
CA_microsatellite_012#simpleSeq#100,simpleSeq,1.0
lncrna_exon_369#no_simpleSeq#413,no_simpleSeq,1.0
transposon_SINE_427#no_simpleSeq#464,no_simpleSeq,1.0
3UTR_AU_rich_377#no_simpleSeq#139,no_simpleSeq,1.0
5UTR_structured_053#no_simpleSeq#221,no_simpleSeq,1.0
3UTR_AU_rich_294#no_simpleSeq#488,no_simpleSeq,1.0
promoter_CpG_117#no_simpleSeq#194,no_simpleSeq,1.0
GCC_fragilexE_006#simpleSeq#108,simpleSeq,1.0
promoter_CpG_269#no_simpleSeq#243,no_simpleSeq,1.0
enhancer_active_281#no_simpleSeq#179,no_simpleSeq,1.0
rDNA_ITS_395#no_simpleSeq#247,no_simpleSeq,1.0
TCTA_vWA_011#simpleSeq#100,simpleSeq,1.0
sat3_TTCCA_008#simpleSeq#150,simpleSeq,1.0
AG_microsatellite_010#simpleSeq#100,simpleSeq,1.0
transposon_SINE_153#no_simpleSeq#126,no_simpleSeq,1.0
mitochondrial_CR_083#no_simpleSeq#203,no_simpleSeq,1.0
5UTR_structured_420#no_simpleSeq#166,no_simpleSeq,1.0
TCTA_vWA_012#simpleSeq#100,simpleSeq,1.0
GT_microsatellite_003#simpleSeq#103,simpleSeq,1.0
transposon_SINE_360#no_simpleSeq#436,no_simpleSeq,1.0
3UTR_AU_rich_064#no_simpleSeq#271,no_simpleSeq,1.0
enhancer_active_348#no_simpleSeq#283,no_simpleSeq,1.0
TPOX_AATG_001#simpleSeq#100,simpleSeq,1.0
CTG_myotonic_001#simpleSeq#105,simpleSeq,1.0
3UTR_AU_rich_366#no_simpleSeq#124,no_simpleSeq,1.0
lncrna_exon_423#no_simpleSeq#430,no_simpleSeq,1.0
enhancer_active_278#no_simpleSeq#208,no_simpleSeq,1.0
CCCTAA_cstrand_tel_002#simpleSeq#163,simpleSeq,1.0
AT_microsatellite_011#simpleSeq#100,simpleSeq,1.0
enhancer_active_329#no_simpleSeq#288,no_simpleSeq,1.0
AAAAT_penta_012#simpleSeq#195,simpleSeq,1.0
rDNA_ITS_316#no_simpleSeq#485,no_simpleSeq,1.0
3UTR_AU_rich_123#no_simpleSeq#217,no_simpleSeq,1.0
alphaSat_AATGG_009#simpleSeq#342,simpleSeq,1.0
polyG_run_009#simpleSeq#100,simpleSeq,1.0
intron_GC_low_342#no_simpleSeq#262,no_simpleSeq,1.0
TTAGGG_telomeric_005#simpleSeq#200,simpleSeq,1.0
intron_GC_low_367#no_simpleSeq#399,no_simpleSeq,1.0
AT_microsatellite_005#simpleSeq#137,simpleSeq,1.0
transposon_SINE_335#no_simpleSeq#211,no_simpleSeq,1.0
exon_coding_425#no_simpleSeq#123,no_simpleSeq,1.0
transposon_SINE_307#no_simpleSeq#200,no_simpleSeq,1.0
enhancer_active_096#no_simpleSeq#327,no_simpleSeq,1.0
transposon_SINE_167#no_simpleSeq#341,no_simpleSeq,1.0
polyT_run_002#simpleSeq#100,simpleSeq,1.0
TTAGGG_telomeric_007#simpleSeq#105,simpleSeq,1.0
AAGGG_CANVAS_004#simpleSeq#309,simpleSeq,1.0
GCGGCG_rDNA_003#simpleSeq#100,simpleSeq,1.0
AAGGG_CANVAS_003#simpleSeq#418,simpleSeq,1.0
CA_microsatellite_008#simpleSeq#107,simpleSeq,1.0
alphaSat_AATGG_005#simpleSeq#338,simpleSeq,1.0
enhancer_active_130#no_simpleSeq#440,no_simpleSeq,1.0
lncrna_exon_242#no_simpleSeq#481,no_simpleSeq,1.0
mitochondrial_CR_092#no_simpleSeq#449,no_simpleSeq,1.0
mitochondrial_CR_308#no_simpleSeq#154,no_simpleSeq,1.0
polyA_run_005#simpleSeq#100,simpleSeq,1.0
transposon_SINE_050#no_simpleSeq#345,no_simpleSeq,1.0
TA_microsatellite_011#simpleSeq#103,simpleSeq,1.0
GGGGCC_C9orf72_011#simpleSeq#249,simpleSeq,1.0
GC_microsatellite_001#simpleSeq#100,simpleSeq,1.0
AGGGGC_G4_002#simpleSeq#114,simpleSeq,1.0
intron_GC_low_272#no_simpleSeq#466,no_simpleSeq,1.0
betaSat_AATAT_003#simpleSeq#305,simpleSeq,1.0
GCGGCG_rDNA_012#simpleSeq#151,simpleSeq,1.0
3UTR_AU_rich_205#no_simpleSeq#219,no_simpleSeq,1.0
enhancer_active_109#no_simpleSeq#419,no_simpleSeq,1.0
3UTR_AU_rich_099#no_simpleSeq#131,no_simpleSeq,1.0
AGAT_HUMTH01_008#simpleSeq#100,simpleSeq,1.0
CGG_fragilex_006#simpleSeq#126,simpleSeq,1.0
AAAAT_penta_011#simpleSeq#164,simpleSeq,1.0
GCC_fragilexE_004#simpleSeq#130,simpleSeq,1.0
5UTR_structured_384#no_simpleSeq#135,no_simpleSeq,1.0
5UTR_structured_174#no_simpleSeq#492,no_simpleSeq,1.0
GGGGCC_C9orf72_001#simpleSeq#228,simpleSeq,1.0
GCGGCG_rDNA_005#simpleSeq#100,simpleSeq,1.0
GC_microsatellite_007#simpleSeq#100,simpleSeq,1.0
polyC_run_005#simpleSeq#100,simpleSeq,1.0
GAA_friedreich_009#simpleSeq#236,simpleSeq,1.0
AGGGGC_G4_008#simpleSeq#157,simpleSeq,1.0
AAAAT_penta_006#simpleSeq#186,simpleSeq,1.0
transposon_SINE_301#no_simpleSeq#487,no_simpleSeq,1.0
GAA_friedreich_011#simpleSeq#157,simpleSeq,1.0
TCTA_vWA_010#simpleSeq#106,simpleSeq,1.0
AGGGGC_G4_004#simpleSeq#100,simpleSeq,1.0
TCTA_vWA_002#simpleSeq#100,simpleSeq,1.0
CTTT_D7S820_010#simpleSeq#100,simpleSeq,1.0
GCG_oculophar_003#simpleSeq#100,simpleSeq,1.0
GATA_D3S1358_009#simpleSeq#100,simpleSeq,1.0
TCTA_vWA_005#simpleSeq#100,simpleSeq,1.0
promoter_CpG_284#no_simpleSeq#164,no_simpleSeq,1.0
mitochondrial_CR_417#no_simpleSeq#491,no_simpleSeq,1.0
TPOX_AATG_003#simpleSeq#100,simpleSeq,1.0
AAGGG_CANVAS_008#simpleSeq#147,simpleSeq,1.0
ATTCC_SAT_008#simpleSeq#152,simpleSeq,1.0
CSF1PO_AGAT_012#simpleSeq#100,simpleSeq,1.0
5UTR_structured_318#no_simpleSeq#332,no_simpleSeq,1.0
transposon_SINE_299#no_simpleSeq#228,no_simpleSeq,1.0
TCTA_vWA_009#simpleSeq#100,simpleSeq,1.0
rDNA_ITS_003#no_simpleSeq#339,no_simpleSeq,1.0
lncrna_exon_271#no_simpleSeq#132,no_simpleSeq,1.0
CGG_fragilex_010#simpleSeq#173,simpleSeq,1.0
transposon_SINE_023#no_simpleSeq#385,no_simpleSeq,1.0
ATTCC_SAT_010#simpleSeq#211,simpleSeq,1.0
intron_GC_low_291#no_simpleSeq#346,no_simpleSeq,1.0
CCCTAA_cstrand_tel_003#simpleSeq#244,simpleSeq,1.0
alphaSat_AATGG_007#simpleSeq#318,simpleSeq,1.0
exon_coding_112#no_simpleSeq#285,no_simpleSeq,1.0
enhancer_active_192#no_simpleSeq#315,no_simpleSeq,1.0
intron_GC_low_217#no_simpleSeq#170,no_simpleSeq,1.0
rDNA_ITS_177#no_simpleSeq#287,no_simpleSeq,1.0
mitochondrial_CR_239#no_simpleSeq#331,no_simpleSeq,1.0
mitochondrial_CR_180#no_simpleSeq#153,no_simpleSeq,1.0
promoter_CpG_368#no_simpleSeq#380,no_simpleSeq,1.0
TTTAGGG_plant_tel_008#simpleSeq#117,simpleSeq,1.0
AAAAT_penta_001#simpleSeq#193,simpleSeq,1.0
AAGGG_CANVAS_012#simpleSeq#327,simpleSeq,1.0
exon_coding_054#no_simpleSeq#488,no_simpleSeq,1.0
intron_GC_low_019#no_simpleSeq#267,no_simpleSeq,1.0
5UTR_structured_430#no_simpleSeq#471,no_simpleSeq,1.0
mitochondrial_CR_182#no_simpleSeq#146,no_simpleSeq,1.0
TTAGGG_telomeric_011#simpleSeq#184,simpleSeq,1.0
exon_coding_147#no_simpleSeq#302,no_simpleSeq,1.0
promoter_CpG_175#no_simpleSeq#299,no_simpleSeq,1.0
5UTR_structured_378#no_simpleSeq#182,no_simpleSeq,1.0
exon_coding_030#no_simpleSeq#493,no_simpleSeq,1.0
GCGGCG_rDNA_011#simpleSeq#100,simpleSeq,1.0
TTTAGGG_plant_tel_012#simpleSeq#193,simpleSeq,1.0
ATTCT_SCA10_006#simpleSeq#155,simpleSeq,1.0
GCG_oculophar_012#simpleSeq#100,simpleSeq,1.0
GCC_fragilexE_002#simpleSeq#100,simpleSeq,1.0
5UTR_structured_241#no_simpleSeq#141,no_simpleSeq,1.0
exon_coding_200#no_simpleSeq#339,no_simpleSeq,1.0
GCGGCG_rDNA_006#simpleSeq#157,simpleSeq,1.0
exon_coding_407#no_simpleSeq#456,no_simpleSeq,1.0
3UTR_AU_rich_353#no_simpleSeq#304,no_simpleSeq,1.0
exon_coding_401#no_simpleSeq#394,no_simpleSeq,1.0
enhancer_active_283#no_simpleSeq#328,no_simpleSeq,1.0
CA_microsatellite_001#simpleSeq#100,simpleSeq,1.0
promoter_CpG_021#no_simpleSeq#370,no_simpleSeq,1.0
rDNA_ITS_159#no_simpleSeq#294,no_simpleSeq,1.0
enhancer_active_156#no_simpleSeq#496,no_simpleSeq,1.0
rDNA_ITS_225#no_simpleSeq#426,no_simpleSeq,1.0
AG_microsatellite_002#simpleSeq#100,simpleSeq,1.0
TA_microsatellite_006#simpleSeq#100,simpleSeq,1.0
CA_microsatellite_005#simpleSeq#152,simpleSeq,1.0
intron_GC_low_101#no_simpleSeq#241,no_simpleSeq,1.0
AT_microsatellite_003#simpleSeq#123,simpleSeq,1.0
intron_GC_low_013#no_simpleSeq#177,no_simpleSeq,1.0
AG_microsatellite_009#simpleSeq#100,simpleSeq,1.0
intron_GC_low_088#no_simpleSeq#253,no_simpleSeq,1.0
mitochondrial_CR_071#no_simpleSeq#249,no_simpleSeq,1.0
lncrna_exon_052#no_simpleSeq#288,no_simpleSeq,1.0
3UTR_AU_rich_076#no_simpleSeq#410,no_simpleSeq,1.0
GCGGCG_rDNA_004#simpleSeq#136,simpleSeq,1.0
GCC_fragilexE_010#simpleSeq#120,simpleSeq,1.0
CSF1PO_AGAT_011#simpleSeq#100,simpleSeq,1.0
mitochondrial_CR_038#no_simpleSeq#200,no_simpleSeq,1.0
ATTCT_SCA10_005#simpleSeq#361,simpleSeq,1.0
promoter_CpG_164#no_simpleSeq#268,no_simpleSeq,1.0
polyT_run_012#simpleSeq#100,simpleSeq,1.0
intron_GC_low_188#no_simpleSeq#353,no_simpleSeq,1.0
CCTG_DM2_010#simpleSeq#105,simpleSeq,1.0
enhancer_active_062#no_simpleSeq#211,no_simpleSeq,1.0
enhancer_active_320#no_simpleSeq#279,no_simpleSeq,1.0
AG_microsatellite_003#simpleSeq#100,simpleSeq,1.0
lncrna_exon_191#no_simpleSeq#126,no_simpleSeq,1.0
alphaSat_AATGG_002#simpleSeq#384,simpleSeq,1.0
3UTR_AU_rich_218#no_simpleSeq#466,no_simpleSeq,1.0
3UTR_AU_rich_078#no_simpleSeq#433,no_simpleSeq,1.0
CA_microsatellite_004#simpleSeq#137,simpleSeq,1.0
intron_GC_low_178#no_simpleSeq#441,no_simpleSeq,1.0
CTTT_D7S820_005#simpleSeq#100,simpleSeq,1.0
TTTAGGG_plant_tel_011#simpleSeq#104,simpleSeq,1.0
GT_microsatellite_008#simpleSeq#130,simpleSeq,1.0
GAA_friedreich_008#simpleSeq#128,simpleSeq,1.0
exon_coding_033#no_simpleSeq#259,no_simpleSeq,1.0
AT_microsatellite_004#simpleSeq#126,simpleSeq,1.0
CCCTAA_cstrand_tel_009#simpleSeq#238,simpleSeq,1.0
TPOX_AATG_002#simpleSeq#100,simpleSeq,1.0
3UTR_AU_rich_020#no_simpleSeq#378,no_simpleSeq,1.0
lncrna_exon_012#no_simpleSeq#445,no_simpleSeq,1.0
enhancer_active_326#no_simpleSeq#296,no_simpleSeq,1.0
3UTR_AU_rich_434#no_simpleSeq#246,no_simpleSeq,1.0
promoter_CpG_399#no_simpleSeq#368,no_simpleSeq,1.0
intron_GC_low_426#no_simpleSeq#179,no_simpleSeq,1.0
lncrna_exon_235#no_simpleSeq#138,no_simpleSeq,1.0
TTTAGGG_plant_tel_005#simpleSeq#184,simpleSeq,1.0
transposon_SINE_131#no_simpleSeq#165,no_simpleSeq,1.0
TTAGGG_telomeric_012#simpleSeq#194,simpleSeq,1.0
lncrna_exon_129#no_simpleSeq#277,no_simpleSeq,1.0
promoter_CpG_305#no_simpleSeq#261,no_simpleSeq,1.0
rDNA_ITS_357#no_simpleSeq#436,no_simpleSeq,1.0
lncrna_exon_374#no_simpleSeq#331,no_simpleSeq,1.0
enhancer_active_134#no_simpleSeq#419,no_simpleSeq,1.0
enhancer_active_111#no_simpleSeq#197,no_simpleSeq,1.0
exon_coding_247#no_simpleSeq#144,no_simpleSeq,1.0
CAG_huntington_010#simpleSeq#182,simpleSeq,1.0
transposon_SINE_421#no_simpleSeq#181,no_simpleSeq,1.0
promoter_CpG_230#no_simpleSeq#219,no_simpleSeq,1.0
polyA_run_004#simpleSeq#100,simpleSeq,1.0
CA_microsatellite_007#simpleSeq#100,simpleSeq,1.0
GATA_D3S1358_003#simpleSeq#100,simpleSeq,1.0
CSF1PO_AGAT_007#simpleSeq#100,simpleSeq,1.0
GATA_D3S1358_006#simpleSeq#100,simpleSeq,1.0
3UTR_AU_rich_432#no_simpleSeq#185,no_simpleSeq,1.0
intron_GC_low_227#no_simpleSeq#236,no_simpleSeq,1.0
mitochondrial_CR_032#no_simpleSeq#205,no_simpleSeq,1.0
AAGGG_CANVAS_006#simpleSeq#302,simpleSeq,1.0
transposon_SINE_255#no_simpleSeq#186,no_simpleSeq,1.0
rDNA_ITS_068#no_simpleSeq#327,no_simpleSeq,1.0
CGG_fragilex_007#simpleSeq#100,simpleSeq,1.0
CTTT_D7S820_004#simpleSeq#100,simpleSeq,1.0
3UTR_AU_rich_414#no_simpleSeq#334,no_simpleSeq,1.0
intron_GC_low_267#no_simpleSeq#208,no_simpleSeq,1.0
AAGGG_CANVAS_001#simpleSeq#165,simpleSeq,1.0
polyG_run_006#simpleSeq#100,simpleSeq,1.0
5UTR_structured_122#no_simpleSeq#352,no_simpleSeq,1.0
AGGGGC_G4_007#simpleSeq#100,simpleSeq,1.0
5UTR_structured_168#no_simpleSeq#189,no_simpleSeq,1.0
3UTR_AU_rich_405#no_simpleSeq#436,no_simpleSeq,1.0
transposon_SINE_390#no_simpleSeq#221,no_simpleSeq,1.0
5UTR_structured_183#no_simpleSeq#400,no_simpleSeq,1.0
CTG_myotonic_009#simpleSeq#225,simpleSeq,1.0
polyG_run_001#simpleSeq#100,simpleSeq,1.0
intron_GC_low_231#no_simpleSeq#213,no_simpleSeq,1.0
enhancer_active_370#no_simpleSeq#171,no_simpleSeq,1.0
CSF1PO_AGAT_002#simpleSeq#100,simpleSeq,1.0
TTTAGGG_plant_tel_002#simpleSeq#166,simpleSeq,1.0
GATA_D3S1358_005#simpleSeq#100,simpleSeq,1.0
intron_GC_low_311#no_simpleSeq#275,no_simpleSeq,1.0
mitochondrial_CR_354#no_simpleSeq#233,no_simpleSeq,1.0
transposon_SINE_116#no_simpleSeq#269,no_simpleSeq,1.0
intron_GC_low_094#no_simpleSeq#489,no_simpleSeq,1.0
GT_microsatellite_012#simpleSeq#100,simpleSeq,1.0
intron_GC_low_266#no_simpleSeq#329,no_simpleSeq,1.0
AAGGG_CANVAS_007#simpleSeq#312,simpleSeq,1.0
promoter_CpG_240#no_simpleSeq#154,no_simpleSeq,1.0
CTG_myotonic_010#simpleSeq#137,simpleSeq,1.0
AGAT_HUMTH01_005#simpleSeq#100,simpleSeq,1.0
AAGGG_CANVAS_010#simpleSeq#271,simpleSeq,1.0
rDNA_ITS_236#no_simpleSeq#221,no_simpleSeq,1.0
AGGGGC_G4_005#simpleSeq#132,simpleSeq,1.0
CAG_huntington_002#simpleSeq#100,simpleSeq,1.0
enhancer_active_246#no_simpleSeq#434,no_simpleSeq,1.0
GT_microsatellite_011#simpleSeq#100,simpleSeq,1.0
3UTR_AU_rich_404#no_simpleSeq#190,no_simpleSeq,1.0
GT_microsatellite_007#simpleSeq#100,simpleSeq,1.0
3UTR_AU_rich_106#no_simpleSeq#246,no_simpleSeq,1.0
intron_GC_low_254#no_simpleSeq#246,no_simpleSeq,1.0
lncrna_exon_375#no_simpleSeq#445,no_simpleSeq,1.0
GT_microsatellite_009#simpleSeq#100,simpleSeq,1.0
lncrna_exon_244#no_simpleSeq#209,no_simpleSeq,1.0
5UTR_structured_251#no_simpleSeq#127,no_simpleSeq,1.0
lncrna_exon_017#no_simpleSeq#217,no_simpleSeq,1.0
exon_coding_332#no_simpleSeq#286,no_simpleSeq,1.0
GGGGCC_C9orf72_008#simpleSeq#300,simpleSeq,1.0
exon_coding_028#no_simpleSeq#257,no_simpleSeq,1.0
mitochondrial_CR_331#no_simpleSeq#371,no_simpleSeq,1.0
lncrna_exon_169#no_simpleSeq#191,no_simpleSeq,1.0
polyC_run_003#simpleSeq#100,simpleSeq,1.0
exon_coding_397#no_simpleSeq#183,no_simpleSeq,1.0
mitochondrial_CR_077#no_simpleSeq#126,no_simpleSeq,1.0
3UTR_AU_rich_125#no_simpleSeq#237,no_simpleSeq,1.0
5UTR_structured_027#no_simpleSeq#307,no_simpleSeq,1.0
AGGGGC_G4_012#simpleSeq#100,simpleSeq,1.0
promoter_CpG_065#no_simpleSeq#140,no_simpleSeq,1.0
5UTR_structured_055#no_simpleSeq#414,no_simpleSeq,1.0
AAAAT_penta_004#simpleSeq#108,simpleSeq,1.0
TTTAGGG_plant_tel_010#simpleSeq#100,simpleSeq,1.0
CCTG_DM2_006#simpleSeq#235,simpleSeq,1.0
rDNA_ITS_103#no_simpleSeq#263,no_simpleSeq,1.0
transposon_SINE_190#no_simpleSeq#241,no_simpleSeq,1.0
lncrna_exon_155#no_simpleSeq#281,no_simpleSeq,1.0
3UTR_AU_rich_258#no_simpleSeq#317,no_simpleSeq,1.0
transposon_SINE_288#no_simpleSeq#325,no_simpleSeq,1.0
CSF1PO_AGAT_008#simpleSeq#100,simpleSeq,1.0
polyT_run_010#simpleSeq#100,simpleSeq,1.0
sat3_TTCCA_012#simpleSeq#259,simpleSeq,1.0
enhancer_active_201#no_simpleSeq#213,no_simpleSeq,1.0
CAG_huntington_012#simpleSeq#100,simpleSeq,1.0
TPOX_AATG_007#simpleSeq#100,simpleSeq,1.0
promoter_CpG_344#no_simpleSeq#220,no_simpleSeq,1.0
3UTR_AU_rich_136#no_simpleSeq#208,no_simpleSeq,1.0
CCCTAA_cstrand_tel_011#simpleSeq#244,simpleSeq,1.0
AAAAT_penta_010#simpleSeq#100,simpleSeq,1.0
CCCTAA_cstrand_tel_012#simpleSeq#131,simpleSeq,1.0
rDNA_ITS_093#no_simpleSeq#373,no_simpleSeq,1.0
GGGGCC_C9orf72_009#simpleSeq#352,simpleSeq,1.0
mitochondrial_CR_327#no_simpleSeq#192,no_simpleSeq,1.0
enhancer_active_165#no_simpleSeq#185,no_simpleSeq,1.0
polyA_run_012#simpleSeq#100,simpleSeq,1.0
transposon_SINE_085#no_simpleSeq#399,no_simpleSeq,1.0
mitochondrial_CR_138#no_simpleSeq#308,no_simpleSeq,1.0
lncrna_exon_171#no_simpleSeq#318,no_simpleSeq,1.0
5UTR_structured_223#no_simpleSeq#297,no_simpleSeq,1.0
enhancer_active_345#no_simpleSeq#453,no_simpleSeq,1.0
CAG_huntington_007#simpleSeq#105,simpleSeq,1.0
exon_coding_037#no_simpleSeq#431,no_simpleSeq,1.0
enhancer_active_309#no_simpleSeq#395,no_simpleSeq,1.0
transposon_SINE_215#no_simpleSeq#399,no_simpleSeq,1.0
GC_microsatellite_005#simpleSeq#100,simpleSeq,1.0
promoter_CpG_098#no_simpleSeq#348,no_simpleSeq,1.0
GATA_D3S1358_002#simpleSeq#100,simpleSeq,1.0
5UTR_structured_365#no_simpleSeq#323,no_simpleSeq,1.0
betaSat_AATAT_012#simpleSeq#185,simpleSeq,1.0
sat2_ATTCC_002#simpleSeq#240,simpleSeq,1.0
AG_microsatellite_004#simpleSeq#100,simpleSeq,1.0
intron_GC_low_144#no_simpleSeq#481,no_simpleSeq,1.0
polyA_run_007#simpleSeq#100,simpleSeq,1.0
betaSat_AATAT_010#simpleSeq#238,simpleSeq,1.0
betaSat_AATAT_002#simpleSeq#232,simpleSeq,1.0
5UTR_structured_263#no_simpleSeq#216,no_simpleSeq,1.0
lncrna_exon_302#no_simpleSeq#330,no_simpleSeq,1.0
enhancer_active_208#no_simpleSeq#468,no_simpleSeq,1.0
CCTG_DM2_012#simpleSeq#100,simpleSeq,1.0
enhancer_active_256#no_simpleSeq#179,no_simpleSeq,1.0
TCTA_vWA_007#simpleSeq#100,simpleSeq,1.0
intron_GC_low_197#no_simpleSeq#365,no_simpleSeq,1.0
CAG_huntington_008#simpleSeq#178,simpleSeq,1.0
AGAT_HUMTH01_009#simpleSeq#100,simpleSeq,1.0
AG_microsatellite_007#simpleSeq#100,simpleSeq,1.0
CCTG_DM2_007#simpleSeq#171,simpleSeq,1.0
3UTR_AU_rich_108#no_simpleSeq#227,no_simpleSeq,1.0
exon_coding_084#no_simpleSeq#466,no_simpleSeq,1.0
CSF1PO_AGAT_010#simpleSeq#100,simpleSeq,1.0
polyA_run_001#simpleSeq#100,simpleSeq,1.0
GCG_oculophar_006#simpleSeq#100,simpleSeq,1.0
lncrna_exon_194#no_simpleSeq#128,no_simpleSeq,1.0
sat3_TTCCA_004#simpleSeq#269,simpleSeq,1.0
GGGGCC_C9orf72_007#simpleSeq#238,simpleSeq,1.0
3UTR_AU_rich_339#no_simpleSeq#352,no_simpleSeq,1.0
polyG_run_002#simpleSeq#100,simpleSeq,1.0
promoter_CpG_343#no_simpleSeq#324,no_simpleSeq,1.0
GCG_oculophar_009#simpleSeq#100,simpleSeq,1.0
exon_coding_006#no_simpleSeq#452,no_simpleSeq,1.0
GATA_D3S1358_008#simpleSeq#100,simpleSeq,1.0
CAG_huntington_005#simpleSeq#100,simpleSeq,1.0
ATTCC_SAT_002#simpleSeq#247,simpleSeq,1.0
3UTR_AU_rich_319#no_simpleSeq#249,no_simpleSeq,1.0
rDNA_ITS_310#no_simpleSeq#418,no_simpleSeq,1.0
rDNA_ITS_243#no_simpleSeq#272,no_simpleSeq,1.0
5UTR_structured_133#no_simpleSeq#363,no_simpleSeq,1.0
sat2_ATTCC_010#simpleSeq#100,simpleSeq,1.0
CCCTAA_cstrand_tel_004#simpleSeq#169,simpleSeq,1.0
lncrna_exon_341#no_simpleSeq#389,no_simpleSeq,1.0
mitochondrial_CR_252#no_simpleSeq#211,no_simpleSeq,1.0
transposon_SINE_195#no_simpleSeq#260,no_simpleSeq,1.0
polyG_run_012#simpleSeq#100,simpleSeq,1.0
5UTR_structured_002#no_simpleSeq#136,no_simpleSeq,1.0
GCC_fragilexE_009#simpleSeq#139,simpleSeq,1.0
rDNA_ITS_087#no_simpleSeq#125,no_simpleSeq,1.0
intron_GC_low_398#no_simpleSeq#246,no_simpleSeq,1.0
5UTR_structured_389#no_simpleSeq#152,no_simpleSeq,1.0
intron_GC_low_330#no_simpleSeq#288,no_simpleSeq,1.0
enhancer_active_039#no_simpleSeq#158,no_simpleSeq,1.0
enhancer_active_063#no_simpleSeq#328,no_simpleSeq,1.0
exon_coding_059#no_simpleSeq#214,no_simpleSeq,1.0
polyA_run_008#simpleSeq#100,simpleSeq,1.0
transposon_SINE_209#no_simpleSeq#499,no_simpleSeq,1.0
polyC_run_004#simpleSeq#100,simpleSeq,1.0
promoter_CpG_392#no_simpleSeq#467,no_simpleSeq,1.0
TPOX_AATG_010#simpleSeq#100,simpleSeq,1.0
TTAGGG_telomeric_002#simpleSeq#177,simpleSeq,1.0
GC_microsatellite_011#simpleSeq#100,simpleSeq,1.0
transposon_SINE_128#no_simpleSeq#349,no_simpleSeq,1.0
GC_microsatellite_008#simpleSeq#100,simpleSeq,1.0
ATTCT_SCA10_001#simpleSeq#213,simpleSeq,1.0
exon_coding_336#no_simpleSeq#296,no_simpleSeq,1.0
enhancer_active_396#no_simpleSeq#471,no_simpleSeq,1.0
TA_microsatellite_005#simpleSeq#133,simpleSeq,1.0
promoter_CpG_285#no_simpleSeq#278,no_simpleSeq,1.0
GAA_friedreich_012#simpleSeq#100,simpleSeq,1.0
CA_microsatellite_009#simpleSeq#143,simpleSeq,1.0
transposon_SINE_157#no_simpleSeq#238,no_simpleSeq,1.0
lncrna_exon_257#no_simpleSeq#331,no_simpleSeq,1.0
betaSat_AATAT_008#simpleSeq#305,simpleSeq,1.0
3UTR_AU_rich_313#no_simpleSeq#238,no_simpleSeq,1.0
ATTCT_SCA10_012#simpleSeq#100,simpleSeq,1.0
transposon_SINE_433#no_simpleSeq#169,no_simpleSeq,1.0
AGAT_HUMTH01_011#simpleSeq#100,simpleSeq,1.0
exon_coding_206#no_simpleSeq#194,no_simpleSeq,1.0
sat3_TTCCA_002#simpleSeq#164,simpleSeq,1.0
CTG_myotonic_005#simpleSeq#100,simpleSeq,1.0
AT_microsatellite_010#simpleSeq#150,simpleSeq,1.0
AT_microsatellite_007#simpleSeq#100,simpleSeq,1.0
exon_coding_314#no_simpleSeq#146,no_simpleSeq,1.0
exon_coding_338#no_simpleSeq#224,no_simpleSeq,1.0
alphaSat_AATGG_001#simpleSeq#230,simpleSeq,1.0
TTTAGGG_plant_tel_009#simpleSeq#134,simpleSeq,1.0
rDNA_ITS_436#no_simpleSeq#377,no_simpleSeq,1.0
lncrna_exon_270#no_simpleSeq#446,no_simpleSeq,1.0
ATTCT_SCA10_009#simpleSeq#390,simpleSeq,1.0
exon_coding_089#no_simpleSeq#263,no_simpleSeq,1.0
sat2_ATTCC_007#simpleSeq#100,simpleSeq,1.0
exon_coding_391#no_simpleSeq#248,no_simpleSeq,1.0
TA_microsatellite_010#simpleSeq#100,simpleSeq,1.0
intron_GC_low_347#no_simpleSeq#380,no_simpleSeq,1.0
enhancer_active_349#no_simpleSeq#352,no_simpleSeq,1.0
transposon_SINE_214#no_simpleSeq#464,no_simpleSeq,1.0
TA_microsatellite_012#simpleSeq#100,simpleSeq,1.0
promoter_CpG_107#no_simpleSeq#162,no_simpleSeq,1.0
AGAT_HUMTH01_002#simpleSeq#100,simpleSeq,1.0
GCC_fragilexE_007#simpleSeq#102,simpleSeq,1.0
intron_GC_low_274#no_simpleSeq#477,no_simpleSeq,1.0
exon_coding_026#no_simpleSeq#408,no_simpleSeq,1.0
TCTA_vWA_001#simpleSeq#100,simpleSeq,1.0
ATTCC_SAT_006#simpleSeq#265,simpleSeq,1.0
TTAGGG_telomeric_001#simpleSeq#171,simpleSeq,1.0
CTG_myotonic_004#simpleSeq#202,simpleSeq,1.0
AGGGGC_G4_006#simpleSeq#115,simpleSeq,1.0
GGGGCC_C9orf72_006#simpleSeq#190,simpleSeq,1.0
enhancer_active_105#no_simpleSeq#454,no_simpleSeq,1.0
GATA_D3S1358_011#simpleSeq#100,simpleSeq,1.0
intron_GC_low_009#no_simpleSeq#412,no_simpleSeq,1.0
CGG_fragilex_001#simpleSeq#100,simpleSeq,1.0
AAAAT_penta_009#simpleSeq#132,simpleSeq,1.0
CAG_huntington_004#simpleSeq#100,simpleSeq,1.0
intron_GC_low_097#no_simpleSeq#138,no_simpleSeq,1.0
sat2_ATTCC_009#simpleSeq#190,simpleSeq,1.0
CCTG_DM2_002#simpleSeq#100,simpleSeq,1.0
intron_GC_low_275#no_simpleSeq#232,no_simpleSeq,1.0
promoter_CpG_025#no_simpleSeq#168,no_simpleSeq,1.0
AGAT_HUMTH01_004#simpleSeq#100,simpleSeq,1.0
exon_coding_411#no_simpleSeq#213,no_simpleSeq,1.0
CGG_fragilex_011#simpleSeq#132,simpleSeq,1.0
CTTT_D7S820_001#simpleSeq#100,simpleSeq,1.0
lncrna_exon_290#no_simpleSeq#184,no_simpleSeq,1.0
polyA_run_009#simpleSeq#100,simpleSeq,1.0
mitochondrial_CR_382#no_simpleSeq#267,no_simpleSeq,1.0
alphaSat_AATGG_006#simpleSeq#100,simpleSeq,1.0
AAAAT_penta_008#simpleSeq#100,simpleSeq,1.0
rDNA_ITS_386#no_simpleSeq#130,no_simpleSeq,1.0
lncrna_exon_364#no_simpleSeq#431,no_simpleSeq,1.0
ATTCC_SAT_012#simpleSeq#100,simpleSeq,1.0
ATTCT_SCA10_010#simpleSeq#201,simpleSeq,1.0
promoter_CpG_146#no_simpleSeq#399,no_simpleSeq,1.0
polyT_run_007#simpleSeq#100,simpleSeq,1.0
exon_coding_419#no_simpleSeq#374,no_simpleSeq,1.0
exon_coding_170#no_simpleSeq#259,no_simpleSeq,1.0
TPOX_AATG_009#simpleSeq#100,simpleSeq,1.0
AGAT_HUMTH01_010#simpleSeq#100,simpleSeq,1.0
TCTA_vWA_006#simpleSeq#100,simpleSeq,1.0
lncrna_exon_196#no_simpleSeq#288,no_simpleSeq,1.0
3UTR_AU_rich_048#no_simpleSeq#201,no_simpleSeq,1.0
enhancer_active_220#no_simpleSeq#397,no_simpleSeq,1.0
CSF1PO_AGAT_003#simpleSeq#100,simpleSeq,1.0
CSF1PO_AGAT_005#simpleSeq#100,simpleSeq,1.0
AAAAT_penta_003#simpleSeq#100,simpleSeq,1.0
ATTCC_SAT_009#simpleSeq#144,simpleSeq,1.0
exon_coding_057#no_simpleSeq#120,no_simpleSeq,1.0
rDNA_ITS_082#no_simpleSeq#234,no_simpleSeq,1.0
polyT_run_006#simpleSeq#100,simpleSeq,1.0
alphaSat_AATGG_004#simpleSeq#392,simpleSeq,1.0
lncrna_exon_293#no_simpleSeq#169,no_simpleSeq,1.0
lncrna_exon_337#no_simpleSeq#396,no_simpleSeq,1.0
promoter_CpG_388#no_simpleSeq#391,no_simpleSeq,1.0
lncrna_exon_249#no_simpleSeq#362,no_simpleSeq,1.0
polyA_run_006#simpleSeq#100,simpleSeq,1.0
exon_coding_229#no_simpleSeq#156,no_simpleSeq,1.0
lncrna_exon_031#no_simpleSeq#421,no_simpleSeq,1.0
CGG_fragilex_005#simpleSeq#129,simpleSeq,1.0
lncrna_exon_317#no_simpleSeq#487,no_simpleSeq,1.0
GCC_fragilexE_012#simpleSeq#225,simpleSeq,1.0
exon_coding_149#no_simpleSeq#461,no_simpleSeq,1.0
CSF1PO_AGAT_006#simpleSeq#100,simpleSeq,1.0
exon_coding_363#no_simpleSeq#380,no_simpleSeq,1.0
CTG_myotonic_003#simpleSeq#248,simpleSeq,1.0
GCG_oculophar_004#simpleSeq#100,simpleSeq,1.0
mitochondrial_CR_213#no_simpleSeq#434,no_simpleSeq,1.0
exon_coding_312#no_simpleSeq#257,no_simpleSeq,1.0
exon_coding_024#no_simpleSeq#426,no_simpleSeq,1.0
betaSat_AATAT_001#simpleSeq#316,simpleSeq,1.0
lncrna_exon_161#no_simpleSeq#486,no_simpleSeq,1.0
rDNA_ITS_376#no_simpleSeq#285,no_simpleSeq,1.0
AGGGGC_G4_009#simpleSeq#139,simpleSeq,1.0
transposon_SINE_005#no_simpleSeq#437,no_simpleSeq,1.0
transposon_SINE_127#no_simpleSeq#403,no_simpleSeq,1.0
GC_microsatellite_004#simpleSeq#100,simpleSeq,1.0
TPOX_AATG_005#simpleSeq#100,simpleSeq,1.0
AAGGG_CANVAS_009#simpleSeq#180,simpleSeq,1.0
enhancer_active_211#no_simpleSeq#260,no_simpleSeq,1.0
transposon_SINE_202#no_simpleSeq#177,no_simpleSeq,1.0
CCTG_DM2_003#simpleSeq#100,simpleSeq,1.0
TPOX_AATG_004#simpleSeq#100,simpleSeq,1.0
rDNA_ITS_042#no_simpleSeq#215,no_simpleSeq,1.0
GC_microsatellite_006#simpleSeq#100,simpleSeq,1.0
CTTT_D7S820_011#simpleSeq#100,simpleSeq,1.0
CTG_myotonic_008#simpleSeq#221,simpleSeq,1.0
intron_GC_low_041#no_simpleSeq#352,no_simpleSeq,1.0
sat2_ATTCC_011#simpleSeq#267,simpleSeq,1.0
rDNA_ITS_359#no_simpleSeq#373,no_simpleSeq,1.0
TA_microsatellite_002#simpleSeq#121,simpleSeq,1.0
ATTCC_SAT_005#simpleSeq#110,simpleSeq,1.0
GT_microsatellite_006#simpleSeq#100,simpleSeq,1.0
exon_coding_402#no_simpleSeq#286,no_simpleSeq,1.0
mitochondrial_CR_292#no_simpleSeq#150,no_simpleSeq,1.0
mitochondrial_CR_047#no_simpleSeq#316,no_simpleSeq,1.0
GCG_oculophar_007#simpleSeq#100,simpleSeq,1.0
sat3_TTCCA_009#simpleSeq#250,simpleSeq,1.0
intron_GC_low_189#no_simpleSeq#137,no_simpleSeq,1.0
polyT_run_005#simpleSeq#100,simpleSeq,1.0
betaSat_AATAT_011#simpleSeq#247,simpleSeq,1.0
CGG_fragilex_003#simpleSeq#103,simpleSeq,1.0
3UTR_AU_rich_346#no_simpleSeq#500,no_simpleSeq,1.0
rDNA_ITS_095#no_simpleSeq#141,no_simpleSeq,1.0
GC_microsatellite_009#simpleSeq#100,simpleSeq,1.0
mitochondrial_CR_045#no_simpleSeq#406,no_simpleSeq,1.0
GCGGCG_rDNA_007#simpleSeq#100,simpleSeq,1.0
promoter_CpG_328#no_simpleSeq#275,no_simpleSeq,1.0
3UTR_AU_rich_306#no_simpleSeq#163,no_simpleSeq,1.0
CGG_fragilex_002#simpleSeq#108,simpleSeq,1.0
betaSat_AATAT_005#simpleSeq#296,simpleSeq,1.0
CCTG_DM2_008#simpleSeq#119,simpleSeq,1.0
GATA_D3S1358_001#simpleSeq#100,simpleSeq,1.0
betaSat_AATAT_009#simpleSeq#265,simpleSeq,1.0
TTAGGG_telomeric_009#simpleSeq#150,simpleSeq,1.0
promoter_CpG_181#no_simpleSeq#451,no_simpleSeq,1.0
mitochondrial_CR_066#no_simpleSeq#302,no_simpleSeq,1.0
TTTAGGG_plant_tel_003#simpleSeq#210,simpleSeq,1.0
sat3_TTCCA_010#simpleSeq#231,simpleSeq,1.0
sat2_ATTCC_008#simpleSeq#151,simpleSeq,1.0
polyT_run_011#simpleSeq#100,simpleSeq,1.0
promoter_CpG_413#no_simpleSeq#272,no_simpleSeq,1.0
CCTG_DM2_005#simpleSeq#328,simpleSeq,1.0
TA_microsatellite_004#simpleSeq#100,simpleSeq,1.0
